svg,icon,title,link,section,not_modal
illustrator_example.svg,chartexample1,Google Charts Example,modals/modal_google_charts.html,Category 1,F
illustrator_example.svg,chartexample2,Google Charts Example with Trend Bar,modals/modal_google_charts2.html,Category 1,F
illustrator_example.svg,chartexample3,Highcharts Example,modals/modal_highcharts.html,Category 1,F
illustrator_example.svg,chartexample4,Charts as Image Example,modals/modal_image.html,Category 2,F
illustrator_example.svg,chartexample5,Link Out to Other Page,https://www.noaa.gov/,Category 2,T
illustrator_example.svg,chartexample6,Google Charts Example using CSV data,modals/modal_google_charts3.html,Category 2,F